{"cameraMode":{"drawMode":0,"name":"Shaded","section":"Shading Mode"},"sceneLighting":true,"audioPlay":false,"sceneViewState":{"showFog":false,"showMaterialUpdate":false,"showSkybox":false,"showFlares":false,"showImageEffects":false,"showParticleSystems":false},"in2DMode":false,"pivot":{"x":0.0050484538078308109,"y":0.7444325685501099,"z":0.0496036633849144},"rotation":{"x":0.07711054384708405,"y":0.9137933254241943,"z":-0.34115123748779299,"w":0.20655088126659394},"size":7.647863388061523,"orthographic":false}