{"cameraMode":{"drawMode":0,"name":"Shaded","section":"Shading Mode"},"sceneLighting":true,"audioPlay":false,"sceneViewState":{"showFog":false,"showMaterialUpdate":false,"showSkybox":false,"showFlares":false,"showImageEffects":false,"showParticleSystems":false},"in2DMode":false,"pivot":{"x":-3.877617120742798,"y":0.6331491470336914,"z":4.007416248321533},"rotation":{"x":0.29957282543182375,"y":0.14241141080856324,"z":-0.04527626559138298,"w":0.9423083662986755},"size":8.587738990783692,"orthographic":false}