{"cameraMode":{"drawMode":0,"name":"Shaded","section":"Shading Mode"},"sceneLighting":true,"audioPlay":false,"sceneViewState":{"showFog":false,"showMaterialUpdate":false,"showSkybox":false,"showFlares":false,"showImageEffects":false,"showParticleSystems":false},"in2DMode":false,"pivot":{"x":-2.016606092453003,"y":0.6956354379653931,"z":0.14458811283111573},"rotation":{"x":0.2192155420780182,"y":0.6926555037498474,"z":-0.23517301678657533,"w":0.6456649303436279},"size":3.895132541656494,"orthographic":false}